<?xml version='1.0' encoding='utf-8'?>
<character>
<meta target = "Torwelten Editor" version = "0.1"/>
<basics><xp available="104" total="300" /><edit type="generation" /></basics><attributes><attribute name="phy" value="4" /><attribute name="men" value="6" /><attribute name="soz" value="5" /><attribute name="nk" value="5" /><attribute name="fk" value="4" /><attribute name="lp" value="4" /><attribute name="ep" value="4" /><attribute name="mp" value="4" /></attributes><traits><trait id="1" name="Tentakeln" xp="30"><selected id-1="8" id-2="stark" id-3="länger" /></trait><trait id="2" name="Beeindruckende Stimme" xp="3"><selected /></trait><trait id="3" name="Ehrlich" xp="-9"><selected rank-1="3" /></trait><trait id="4" name="Gierig" xp="-9"><selected rank-1="3" spec="Macht" /></trait><trait id="5" name="Dickköpfig" xp="-12"><selected rank-1="4" /></trait><trait id="6" name="Synesthesie" xp="3"><selected /></trait><trait id="7" name="Infrarotsicht" xp="6"><selected /></trait><trait id="8" name="Blind" xp="-18"><selected /></trait></traits><skills /><inventory><account balance="0.0" name="0" /></inventory><contacts /></character>