<?xml version='1.0' encoding='utf-8'?>
<character><basics><xp available="86" total="300" /><edit type="generation" /><data name="name" value="Manfred Muhler" /><data name="species" value="Mensch" /><data name="origin" value="Alpha Ganimed" /><data name="concept" value="Techniker Ingenieur" /><data name="player" value="Eric" /><data name="height" value="186" /><data name="weight" value="90" /><data name="age" value="35" /><data name="gender" value="m" /><data name="hair" value="schwarz" /><data name="eyes" value="grün" /><data name="skin" value="hell" /><data name="skintype" value="normal" /></basics><attributes><attribute name="phy" value="5" /><attribute name="men" value="6" /><attribute name="soz" value="4" /><attribute name="nk" value="5" /><attribute name="fk" value="4" /><attribute name="lp" value="5" /><attribute name="ep" value="4" /><attribute name="mp" value="4" /></attributes><traits><trait id="1" name="Militärischer Rang" xp="2"><selected id-2="Außer Dienst" rank-1="2" spec="Leutnant" /></trait></traits><skills /><inventory><account balance="0.0" name="0" /></inventory><contacts /></character>