<?xml version='1.0' encoding='utf-8'?>
<character><basics><xp available="1" total="300" /><edit type="generation" /><data name="name" value="Tico" /><data name="species" value="Reynora" /><data name="origin" value="-" /><data name="concept" value="Söldner" /><data name="player" value="Robert" /><data name="height" value="1,74" /><data name="weight" value="64" /><data name="age" value="24" /><data name="gender" value="m" /><data name="hair" value="grau" /><data name="eyes" value="gr" /><data name="skin" value="grau/tiger" /><data name="skintype" value="Fell" /></basics><attributes><attribute name="phy" value="6" /><attribute name="men" value="4" /><attribute name="soz" value="4" /><attribute name="nk" value="5" /><attribute name="fk" value="4" /><attribute name="lp" value="5" /><attribute name="ep" value="4" /><attribute name="mp" value="5" /></attributes><traits><trait id="1" name="Dämmerungssicht" xp="3"><selected /></trait><trait id="2" name="Feine Nase" xp="3"><selected /></trait><trait id="3" name="Schwanz" xp="3"><selected id-1="Balanceschwanz" /></trait><trait id="4" name="Gelenkig" xp="9"><selected /></trait><trait id="5" name="Schnell" xp="3"><selected rank-1="1" /></trait><trait id="6" name="Raubtiergebiss" xp="1"><selected id-1="Starker Kiefer" /></trait><trait id="8" name="Allergie" xp="-2"><selected spec = "Auslöser" id-1="verbreitet" id-2="Schnupfen" /></trait></traits><skills><skill id="110100" name="Klettern" parent="110000" spec="2" type="active" value="2" />
	<skill id="110500" name="Überleben" parent="110000" spec="2" type="active" value="1" />
	<skill id="120100" name="Beweglichkeit" parent="120000" spec="2" type="active" value="1" />
	<skill id="120202" name="0G-Manöver" parent="120200" spec="3" type="active" value="1" />
	<skill id="120400" name="Schleichen" parent="120000" spec="2" type="active" value="2" />
	<skill id="130101" name="Erste Hilfe" parent="130100" spec="3" type="active" value="1" />
	<skill id="240105" name="Hovercrafts und Schweber" parent="240100" spec="3" type="active" value="1" />
	<skill id="310100" name="Verhandlungen" parent="310000" spec="2" type="active" value="2" />
	<skill id="310204" name="Einschüchtern" parent="310200" spec="3" type="active" value="1" />
	<skill id="410100" name="Raufen" parent="410000" spec="2" type="active" value="2" />
	<skill id="530100" name="Strahlenpistolen" parent="530000" spec="2" type="active" value="2" />
	<skill id="530200" name="Strahlengewehre" parent="530000" spec="2" type="active" value="1" />
	<skill id="720200" name="Politik" parent="720000" spec="2" type="passive" value="1" />
	<skill id="810100" name="Novababel" parent="810000" spec="2" type="lang" value="2" />
	<skill id="811000" name="Nippon" parent="810000" spec="2" type="lang" value="2" />
	<skill id="910400" name="Mythen der Grenzwelten" parent="910000" spec="2" type="passive" value="1" />
	<skill id="920000" name="Soldat" parent="0" spec="1" type="passive" value="2" />
	</skills><inventory><account balance="3635.0" initial="6" name="0" /><item equipped="1" id="1" name="Arbeitsoverall" price="75.0" quality="6" quantity="1" type="Kleidung" weight="1000"><container limit="2500" name="Taschen" />
			</item><item id="2" name="Kugelsichere Weste" price="500.0" quality="6" quantity="1" type="Rüstung" weight="4000"><damage value="0/+1" />
		</item><item id="3" name="Großer Rucksack" price="150.0" quality="6" quantity="1" type="Tasche" weight="750"><container limit="25000" name="Großer Rucksack" />
		</item><item content="" equipped="1" id="4" name="OMG Alpha 9mm" price="400.0" quality="6" quantity="1" type="Pistolen" weight="800"><damage value="2/0" />
			<ammo chambers="1" loaded="-1" />
			<option name="Kaliber" value="9x19 mm" /></item><item content="9 10 11 12 13 14 15" equipped="0" id="5" inside="-1" name="Pistolenmagazin, kurz" price="10.0" quality="6" quantity="1" type="Clip" weight="100"><container size="8" />
			<option name="Kaliber" value="9x19 mm" /></item><item id="6" name="SecurGlas Patrone" price="0.5" quality="6" quantity="92" type="Munition" weight="10"><damage value="2/1" />
			<option name="Kaliber" value="9x19 mm" /></item><item id="7" name="Pistolenmagazin, kurz" price="10.0" quality="6" quantity="3" type="Clip" weight="100"><container size="8" />
			<option name="Kaliber" value="9x19 mm" /></item><item equipped="0" id="8" inside="-1" name="SecurGlas Patrone" price="0.5" quality="6" quantity="1" type="Munition" weight="10"><damage value="2/1" />
			<option name="Kaliber" value="9x19 mm" /></item><item equipped="0" id="9" inside="5" name="SecurGlas Patrone" price="0.5" quality="6" quantity="1" type="Munition" weight="10"><damage value="2/1" />
			<option name="Kaliber" value="9x19 mm" /></item><item equipped="0" id="10" inside="5" name="SecurGlas Patrone" price="0.5" quality="6" quantity="1" type="Munition" weight="10"><damage value="2/1" />
			<option name="Kaliber" value="9x19 mm" /></item><item equipped="0" id="11" inside="5" name="SecurGlas Patrone" price="0.5" quality="6" quantity="1" type="Munition" weight="10"><damage value="2/1" />
			<option name="Kaliber" value="9x19 mm" /></item><item equipped="0" id="12" inside="5" name="SecurGlas Patrone" price="0.5" quality="6" quantity="1" type="Munition" weight="10"><damage value="2/1" />
			<option name="Kaliber" value="9x19 mm" /></item><item equipped="0" id="13" inside="5" name="SecurGlas Patrone" price="0.5" quality="6" quantity="1" type="Munition" weight="10"><damage value="2/1" />
			<option name="Kaliber" value="9x19 mm" /></item><item equipped="0" id="14" inside="5" name="SecurGlas Patrone" price="0.5" quality="6" quantity="1" type="Munition" weight="10"><damage value="2/1" />
			<option name="Kaliber" value="9x19 mm" /></item><item equipped="0" id="15" inside="5" name="SecurGlas Patrone" price="0.5" quality="6" quantity="1" type="Munition" weight="10"><damage value="2/1" />
			<option name="Kaliber" value="9x19 mm" /></item><item content="20 21" equipped="1" id="16" name="Schwere doppelläufige Schrotflinte" price="900.0" quality="6" quantity="1" type="Flinten-SA" weight="800"><damage value="3/+1" />
			<ammo active="1" chambers="2" loaded="20 21" />
		<option name="Kaliber" value="12/76" /></item><item id="17" name="Flintenlaufgeschoss" price="5.0" quality="6" quantity="10" type="Munition" weight="90"><option name="Kaliber" value="20/70" /><damage name="20/70" value="3/-1" />
			</item><item id="18" name="Dragonbreath" price="10.0" quality="6" quantity="10" type="Munition" weight="75"><option name="Kaliber" value="20/70" /><damage name="20/70" value="5/+2" />
			</item><item id="19" name="Dragonbreath" price="10.0" quality="6" quantity="8" type="Munition" weight="75"><option name="Kaliber" value="12/76" /><damage name="12/76" value="6/+2" />
			</item><item equipped="0" id="20" inside="16" name="Dragonbreath" price="10.0" quality="6" quantity="1" type="Munition" weight="75"><option name="Kaliber" value="12/76" /><damage name="12/76" value="6/+2" />
			</item><item equipped="0" id="21" inside="16" name="Dragonbreath" price="10.0" quality="6" quantity="1" type="Munition" weight="75"><option name="Kaliber" value="12/76" /><damage name="12/76" value="6/+2" />
			</item></inventory>
<contacts />
</character>