<?xml version='1.0' encoding='us-ascii'?>
<character><basics><xp available="300" total="300" /><edit type="generation" /><data name="name" value="L&#252;ge&#223;&#223;&#223;&#223;" /></basics><attributes><attribute name="phy" value="0" /><attribute name="men" value="0" /><attribute name="soz" value="0" /><attribute name="nk" value="0" /><attribute name="fk" value="0" /><attribute name="lp" value="0" /><attribute name="ep" value="0" /><attribute name="mp" value="0" /></attributes><traits /><skills /><inventory><account balance="0.0" name="0" /></inventory><contacts /></character>